{
    "parent": "item/handheld",
	"textures": { "layer0": "items/test" 
    },
    "overrides": [
        { "predicate": { "damage": 0.000 },"model": "item/m1911" },
        { "predicate": { "damage": 0.001 },"model": "item/m1911magazine" },
        { "predicate": { "damage": 0.005 },"model": "item/bullets" },
		{ "predicate": { "damage": 0.008 },"model": "item/glock" },
		{ "predicate": { "damage": 0.012 },"model": "item/glockmagazine" },
		{ "predicate": { "damage": 0.016 },"model": "item/ak47" },
		{ "predicate": { "damage": 0.020 },"model": "item/ak47magazine" },
		{ "predicate": { "damage": 0.024 },"model": "item/assaultriflebullets" },
		{ "predicate": { "damage": 0.028 },"model": "item/m4a1" },
		{ "predicate": { "damage": 0.032 },"model": "item/m4a1magazine" }
    ]
}
